ID,Data,Produto,Categoria,Preco,Quantidade,(%)Desconto,Regiao,Total
1,2024-01-01,Camisa,Eletronicos,61.16,5.0,8.99,Leste,R$ 278.31
2,2024-01-02,Mamba-Negra,Eletronicos,536.04,18.0,9.3,Leste,"R$ 8,751.39"
3,2024-01-03,Maca,Alimentos,545.23,10.0,11.92,Oeste,"R$ 4,802.39"
4,2024-01-04,Camisa,Roupas,641.06,6.0,12.8,Norte,"R$ 3,354.03"
5,2024-01-05,Camisa,Roupas,728.83,1.0,23.99,Norte,R$ 553.98
6,2024-01-06,Mamba-Negra,Eletronicos,976.09,5.0,10.48,Leste,"R$ 4,368.98"
7,2024-01-07,Maca,Livros,521.14,9.0,14.05,Norte,"R$ 4,031.28"
8,2024-01-08,Maca,Roupas,329.73,12.0,18.75,Norte,"R$ 3,214.87"
9,2024-01-09,Camisa,Livros,797.23,14.0,11.33,Norte,"R$ 9,896.65"
10,2024-01-10,Smartwatch,Roupas,278.12,2.0,25.1,Sul,R$ 416.62
11,2024-01-11,Camisa,Livros,444.58,17.0,17.62,Oeste,"R$ 6,226.17"
12,2024-01-12,Camisa,Alimentos,87.67,14.0,8.82,Leste,"R$ 1,119.13"
13,2024-01-13,Camisa,Livros,35.1,13.0,21.42,Leste,R$ 358.56
14,2024-01-14,Camisa,Alimentos,963.02,9.0,15.83,Sul,"R$ 7,295.17"
15,2024-01-15,Mamba-Negra,Alimentos,837.62,15.0,16.03,Oeste,"R$ 10,550.24"
16,2024-01-16,Maca,Livros,542.985,15.0,14.43,Leste,"R$ 6,969.48"
17,2024-01-17,Mamba-Negra,Alimentos,414.86,9.0,14.91,Norte,"R$ 3,177.04"
18,2024-01-18,Mamba-Negra,Eletronicos,181.56,9.0,22.96,Leste,"R$ 1,258.86"
19,2024-01-19,Mamba-Negra,Alimentos,164.87,17.0,3.09,Norte,"R$ 2,716.18"
20,2024-01-20,Camisa,Roupas,257.74,4.0,10.03,Sul,R$ 927.55
21,2024-01-21,Smartwatch,Livros,553.73,1.0,2.27,Norte,R$ 541.16
22,2024-01-22,Maca,Eletronicos,717.45,8.0,22.6,Leste,"R$ 4,442.45"
23,2024-01-23,Smartwatch,Livros,663.6,17.0,8.17,Leste,"R$ 10,359.53"
24,2024-01-24,Mamba-Negra,Roupas,287.13,3.0,26.92,Leste,R$ 629.50
25,2024-01-25,Mamba-Negra,Roupas,955.32,15.0,15.8,Sul,"R$ 12,065.69"
26,2024-01-26,Smartwatch,Roupas,740.52,15.0,24.02,Sul,"R$ 8,439.71"
27,2024-01-27,Smartwatch,Alimentos,542.985,14.0,29.37,Oeste,"R$ 5,369.14"
28,2024-01-28,Smartwatch,Alimentos,615.6,14.0,25.19,Leste,"R$ 6,447.43"
29,2024-01-29,Mamba-Negra,Livros,425.4,9.0,26.01,Norte,"R$ 2,832.78"
30,2024-01-30,Mamba-Negra,Livros,255.25,13.0,12.24,Sul,"R$ 2,912.10"
31,2024-01-31,Maca,Eletronicos,362.41,14.0,16.55,Leste,"R$ 4,234.04"
32,2024-02-01,Maca,Eletronicos,760.27,19.0,7.62,Leste,"R$ 13,344.41"
33,2024-02-02,Mamba-Negra,Livros,24.25,7.0,0.0,Sul,R$ 169.75
34,2024-02-03,Smartwatch,Alimentos,124.91,3.0,15.17,Oeste,R$ 317.88
35,2024-02-04,Smartwatch,Roupas,55.54,15.0,17.85,Sul,R$ 684.39
36,2024-02-05,Maca,Livros,542.985,14.0,10.18,Sul,"R$ 6,827.93"
37,2024-02-06,Mamba-Negra,Eletronicos,856.91,11.0,17.08,Norte,"R$ 7,816.05"
38,2024-02-07,Maca,Alimentos,706.62,15.0,26.62,Norte,"R$ 7,777.77"
39,2024-02-08,Maca,Livros,479.43,13.0,16.7,Oeste,"R$ 5,191.75"
40,2024-02-09,Camisa,Livros,106.86,9.0,21.62,Leste,R$ 753.81
41,2024-02-10,Camisa,Alimentos,496.7,6.0,24.16,Sul,"R$ 2,260.18"
42,2024-02-11,Camisa,Livros,478.74,3.0,29.66,Oeste,"R$ 1,010.24"
43,2024-02-12,Smartwatch,Alimentos,181.47,19.0,18.1,Norte,"R$ 2,823.85"
44,2024-02-13,Mamba-Negra,Roupas,439.51,15.0,24.21,Sul,"R$ 4,996.57"
45,2024-02-14,Mamba-Negra,Alimentos,404.52,5.0,0.0,Leste,"R$ 2,022.60"
46,2024-02-15,Mamba-Negra,Alimentos,619.69,10.0,28.33,Norte,"R$ 4,441.32"
47,2024-02-16,Mamba-Negra,Alimentos,638.74,7.0,4.23,Norte,"R$ 4,282.05"
48,2024-02-17,Camisa,Livros,54.85,9.0,12.19,Norte,R$ 433.47
49,2024-02-18,Smartwatch,Livros,380.87,7.0,9.72,Oeste,"R$ 2,406.95"
50,2024-02-19,Smartwatch,Alimentos,629.6,12.0,2.61,Leste,"R$ 7,358.01"
51,2024-02-20,Camisa,Livros,542.985,17.0,19.0,Sul,"R$ 7,476.90"
52,2024-02-21,Smartwatch,Eletronicos,857.92,13.0,22.08,Oeste,"R$ 8,690.39"
53,2024-02-22,Camisa,Eletronicos,662.11,9.0,25.44,Oeste,"R$ 4,443.02"
54,2024-02-23,Mamba-Negra,Livros,171.31,10.0,0.0,Oeste,"R$ 1,713.10"
55,2024-02-24,Camisa,Livros,79.86,3.0,0.0,Norte,R$ 239.58
56,2024-02-25,Mamba-Negra,Alimentos,646.0,9.0,19.29,Leste,"R$ 4,692.48"
57,2024-02-26,Mamba-Negra,Roupas,36.25,13.0,0.0,Oeste,R$ 471.25
58,2024-02-27,Maca,Livros,542.985,18.0,27.32,Sul,"R$ 7,103.55"
59,2024-02-28,Camisa,Eletronicos,940.83,9.0,18.74,Leste,"R$ 6,880.67"
60,2024-02-29,Maca,Alimentos,579.72,4.0,10.08,Sul,"R$ 2,085.14"
61,2024-03-01,Camisa,Livros,542.985,15.0,24.75,Leste,"R$ 6,128.94"
62,2024-03-02,Camisa,Eletronicos,646.86,2.0,10.89,Sul,"R$ 1,152.83"
63,2024-03-03,Maca,Eletronicos,463.67,9.0,1.03,Norte,"R$ 4,130.05"
64,2024-03-04,Maca,Roupas,550.16,8.0,24.92,Oeste,"R$ 3,304.48"
65,2024-03-05,Camisa,Alimentos,942.05,8.0,10.36,Sul,"R$ 6,755.63"
66,2024-03-06,Smartwatch,Alimentos,392.24,17.0,0.0,Leste,"R$ 6,668.08"
67,2024-03-07,Mamba-Negra,Roupas,542.985,12.0,0.0,Oeste,"R$ 6,515.82"
68,2024-03-08,Maca,Roupas,906.3,19.0,25.83,Oeste,"R$ 12,771.85"
69,2024-03-09,Mamba-Negra,Alimentos,203.83,10.0,6.59,Leste,"R$ 1,903.98"
70,2024-03-10,Smartwatch,Alimentos,78.67,9.0,29.24,Sul,R$ 501.00
71,2024-03-11,Smartwatch,Livros,109.77,5.0,0.0,Norte,R$ 548.85
72,2024-03-12,Smartwatch,Livros,28.04,6.0,0.0,Norte,R$ 168.24
73,2024-03-13,Maca,Roupas,103.5,2.0,16.97,Sul,R$ 171.87
74,2024-03-14,Smartwatch,Livros,686.18,13.0,29.56,Oeste,"R$ 6,283.49"
75,2024-03-15,Maca,Eletronicos,542.985,6.0,14.13,Oeste,"R$ 2,797.57"
76,2024-03-16,Smartwatch,Livros,325.79,5.0,0.0,Oeste,"R$ 1,628.95"
77,2024-03-17,Mamba-Negra,Livros,846.43,1.0,14.54,Oeste,R$ 723.36
78,2024-03-18,Mamba-Negra,Eletronicos,33.04,6.0,15.37,Sul,R$ 167.77
79,2024-03-19,Camisa,Roupas,816.32,6.0,22.25,Oeste,"R$ 3,808.13"
80,2024-03-20,Mamba-Negra,Eletronicos,289.04,16.0,20.97,Leste,"R$ 3,654.85"
81,2024-03-21,Camisa,Livros,126.98,4.0,12.08,Oeste,R$ 446.56
82,2024-03-22,Mamba-Negra,Roupas,699.77,11.0,6.54,Norte,"R$ 7,194.06"
83,2024-03-23,Maca,Livros,632.65,9.0,0.0,Oeste,"R$ 5,693.85"
84,2024-03-24,Mamba-Negra,Eletronicos,878.7,3.0,12.65,Sul,"R$ 2,302.63"
85,2024-03-25,Camisa,Eletronicos,737.72,19.0,3.97,Norte,"R$ 13,460.22"
86,2024-03-26,Camisa,Livros,805.45,8.0,27.02,Sul,"R$ 4,702.54"
87,2024-03-27,Smartwatch,Alimentos,289.21,5.0,20.74,Sul,"R$ 1,146.14"
88,2024-03-28,Maca,Alimentos,542.985,4.0,20.5,Norte,"R$ 1,726.69"
89,2024-03-29,Mamba-Negra,Eletronicos,753.11,6.0,24.68,Sul,"R$ 3,403.45"
90,2024-03-30,Smartwatch,Eletronicos,808.77,2.0,0.0,Sul,"R$ 1,617.54"
91,2024-03-31,Mamba-Negra,Alimentos,990.6,11.0,24.45,Oeste,"R$ 8,232.38"
92,2024-04-01,Mamba-Negra,Alimentos,542.985,4.0,14.94,Leste,"R$ 1,847.45"
93,2024-04-02,Smartwatch,Livros,378.3,9.0,0.0,Sul,"R$ 3,404.70"
94,2024-04-03,Smartwatch,Livros,778.65,9.0,12.16,Sul,"R$ 6,155.70"
95,2024-04-04,Smartwatch,Alimentos,347.4,17.0,14.92,Sul,"R$ 5,024.65"
96,2024-04-05,Smartwatch,Livros,931.45,9.0,21.61,Oeste,"R$ 6,571.47"
97,2024-04-06,Smartwatch,Livros,859.83,19.0,3.2,Leste,"R$ 15,813.99"
98,2024-04-07,Mamba-Negra,Roupas,434.7,2.0,4.2,Norte,R$ 832.89
99,2024-04-08,Smartwatch,Livros,753.36,15.0,7.91,Oeste,"R$ 10,406.54"
100,2024-04-09,Maca,Eletronicos,757.0,11.0,7.99,Oeste,"R$ 7,661.67"
101,2024-04-10,Camisa,Livros,112.09,9.0,21.97,Leste,R$ 787.17
102,2024-04-11,Smartwatch,Livros,903.53,19.0,7.52,Leste,"R$ 15,876.11"
103,2024-04-12,Smartwatch,Alimentos,542.985,13.0,18.99,Oeste,"R$ 5,718.34"
104,2024-04-13,Mamba-Negra,Eletronicos,828.19,12.0,14.83,Norte,"R$ 8,464.43"
105,2024-04-14,Smartwatch,Livros,326.85,5.0,17.2,Oeste,"R$ 1,353.16"
106,2024-04-15,Smartwatch,Livros,896.57,6.0,0.0,Leste,"R$ 5,379.42"
107,2024-04-16,Smartwatch,Roupas,395.31,4.0,12.13,Norte,"R$ 1,389.44"
108,2024-04-17,Mamba-Negra,Livros,20.73,19.0,23.13,Leste,R$ 302.77
109,2024-04-18,Smartwatch,Livros,906.33,1.0,12.66,Norte,R$ 791.59
110,2024-04-19,Camisa,Roupas,100.37,9.0,10.62,Sul,R$ 807.40
111,2024-04-20,Mamba-Negra,Alimentos,326.12,12.0,28.76,Leste,"R$ 2,787.93"
112,2024-04-21,Camisa,Livros,950.56,15.0,5.53,Leste,"R$ 13,469.91"
113,2024-04-22,Mamba-Negra,Roupas,951.1,1.0,2.71,Oeste,R$ 925.33
114,2024-04-23,Smartwatch,Eletronicos,577.7,14.0,23.13,Leste,"R$ 6,217.09"
115,2024-04-24,Camisa,Alimentos,635.52,6.0,2.05,Leste,"R$ 3,734.95"
116,2024-04-25,Mamba-Negra,Eletronicos,453.96,5.0,25.11,Sul,"R$ 1,699.85"
117,2024-04-26,Maca,Eletronicos,300.28,11.0,13.12,Leste,"R$ 2,869.72"
118,2024-04-27,Smartwatch,Roupas,335.38,4.0,27.47,Sul,R$ 973.00
119,2024-04-28,Mamba-Negra,Livros,675.79,13.0,21.65,Sul,"R$ 6,883.26"
120,2024-04-29,Maca,Roupas,754.85,11.0,18.31,Sul,"R$ 6,783.01"
121,2024-04-30,Mamba-Negra,Roupas,793.66,3.0,28.48,Sul,"R$ 1,702.88"
122,2024-05-01,Maca,Roupas,791.72,1.0,11.9,Norte,R$ 697.51
123,2024-05-02,Smartwatch,Roupas,100.29,6.0,0.0,Oeste,R$ 601.74
124,2024-05-03,Camisa,Alimentos,499.48,18.0,4.05,Norte,"R$ 8,626.52"
125,2024-05-04,Maca,Livros,66.98,10.0,14.51,Leste,R$ 572.61
126,2024-05-05,Mamba-Negra,Eletronicos,554.03,5.0,8.1,Norte,"R$ 2,545.77"
127,2024-05-06,Smartwatch,Eletronicos,447.12,10.0,16.2,Norte,"R$ 3,746.87"
128,2024-05-07,Maca,Livros,542.985,12.0,4.86,Leste,"R$ 6,199.15"
129,2024-05-08,Mamba-Negra,Eletronicos,542.985,2.0,25.25,Leste,R$ 811.76
130,2024-05-09,Mamba-Negra,Livros,125.9,13.0,25.39,Leste,"R$ 1,221.14"
131,2024-05-10,Mamba-Negra,Eletronicos,151.56,8.0,28.66,Norte,R$ 864.98
132,2024-05-11,Maca,Roupas,763.9,2.0,4.64,Norte,"R$ 1,456.91"
133,2024-05-12,Maca,Eletronicos,622.04,1.0,18.7,Leste,R$ 505.72
134,2024-05-13,Maca,Livros,110.11,5.0,14.23,Oeste,R$ 472.21
135,2024-05-14,Camisa,Livros,93.27,9.0,10.33,Oeste,R$ 752.72
136,2024-05-15,Maca,Livros,703.96,17.0,10.55,Sul,"R$ 10,704.77"
137,2024-05-16,Maca,Livros,82.04,9.0,12.38,Leste,R$ 646.95
138,2024-05-17,Maca,Livros,823.64,11.0,21.15,Sul,"R$ 7,143.84"
139,2024-05-18,Camisa,Alimentos,709.18,15.0,17.95,Oeste,"R$ 8,728.23"
140,2024-05-19,Maca,Alimentos,90.54,6.0,13.79,Sul,R$ 468.33
141,2024-05-20,Mamba-Negra,Eletronicos,93.99,3.0,2.28,Leste,R$ 275.54
142,2024-05-21,Maca,Livros,986.77,17.0,2.33,Leste,"R$ 16,384.23"
143,2024-05-22,Mamba-Negra,Eletronicos,380.53,5.0,0.07,Leste,"R$ 1,901.32"
144,2024-05-23,Mamba-Negra,Livros,542.985,12.0,29.03,Norte,"R$ 4,624.28"
145,2024-05-24,Mamba-Negra,Livros,814.67,18.0,0.16,Sul,"R$ 14,640.60"
146,2024-05-25,Camisa,Alimentos,947.78,14.0,0.0,Oeste,"R$ 13,268.92"
147,2024-05-26,Camisa,Alimentos,986.14,11.0,9.44,Oeste,"R$ 9,823.53"
148,2024-05-27,Camisa,Roupas,755.84,9.0,24.22,Oeste,"R$ 5,154.98"
149,2024-05-28,Maca,Alimentos,382.5,2.0,28.86,Norte,R$ 544.22
150,2024-05-29,Mamba-Negra,Roupas,92.67,12.0,23.7,Norte,R$ 848.49
151,2024-05-30,Camisa,Roupas,779.38,9.0,20.72,Leste,"R$ 5,561.03"
152,2024-05-31,Camisa,Roupas,562.82,3.0,15.64,Oeste,"R$ 1,424.38"
153,2024-06-01,Maca,Roupas,429.98,1.0,2.6,Norte,R$ 418.80
154,2024-06-02,Camisa,Roupas,907.29,8.0,28.75,Leste,"R$ 5,171.55"
155,2024-06-03,Maca,Eletronicos,542.985,8.0,22.75,Oeste,"R$ 3,355.65"
156,2024-06-04,Smartwatch,Alimentos,542.985,11.0,19.17,Sul,"R$ 4,827.84"
157,2024-06-05,Camisa,Roupas,21.24,9.0,22.77,Leste,R$ 147.63
158,2024-06-06,Smartwatch,Livros,542.985,5.0,21.72,Norte,"R$ 2,125.24"
159,2024-06-07,Maca,Alimentos,65.74,14.0,19.12,Norte,R$ 744.39
160,2024-06-08,Mamba-Negra,Alimentos,127.63,3.0,29.42,Leste,R$ 270.24
161,2024-06-09,Camisa,Roupas,126.35,5.0,27.1,Leste,R$ 460.55
162,2024-06-10,Maca,Eletronicos,652.72,5.0,19.4,Norte,"R$ 2,630.46"
163,2024-06-11,Mamba-Negra,Roupas,748.58,19.0,20.8,Sul,"R$ 11,264.63"
164,2024-06-12,Mamba-Negra,Eletronicos,587.54,14.0,1.55,Oeste,"R$ 8,098.06"
165,2024-06-13,Smartwatch,Livros,962.55,4.0,0.0,Sul,"R$ 3,850.20"
166,2024-06-14,Maca,Alimentos,381.12,13.0,1.32,Leste,"R$ 4,889.16"
167,2024-06-15,Mamba-Negra,Livros,292.85,10.0,17.65,Sul,"R$ 2,411.62"
168,2024-06-16,Camisa,Eletronicos,869.91,9.0,0.0,Norte,"R$ 7,829.19"
169,2024-06-17,Camisa,Eletronicos,231.36,8.0,16.67,Leste,"R$ 1,542.34"
170,2024-06-18,Smartwatch,Livros,963.59,8.0,14.2,Oeste,"R$ 6,614.08"
171,2024-06-19,Mamba-Negra,Eletronicos,22.03,7.0,9.39,Norte,R$ 139.73
172,2024-06-20,Maca,Livros,970.18,8.0,3.62,Norte,"R$ 7,480.48"
173,2024-06-21,Camisa,Alimentos,52.73,14.0,21.93,Oeste,R$ 576.33
174,2024-06-22,Mamba-Negra,Livros,892.23,19.0,5.78,Oeste,"R$ 15,972.52"
175,2024-06-23,Mamba-Negra,Alimentos,532.42,6.0,3.46,Sul,"R$ 3,083.99"
176,2024-06-24,Smartwatch,Livros,993.04,1.0,0.0,Leste,R$ 993.04
177,2024-06-25,Camisa,Eletronicos,83.06,15.0,23.86,Oeste,R$ 948.63
178,2024-06-26,Camisa,Livros,558.32,1.0,22.35,Oeste,R$ 433.54
179,2024-06-27,Maca,Eletronicos,969.61,17.0,1.65,Leste,"R$ 16,211.39"
180,2024-06-28,Camisa,Livros,527.87,1.0,13.65,Oeste,R$ 455.82
181,2024-06-29,Maca,Livros,633.1,15.0,15.67,Oeste,"R$ 8,008.40"
182,2024-06-30,Camisa,Roupas,698.79,2.0,19.34,Sul,"R$ 1,127.29"
183,2024-07-01,Smartwatch,Eletronicos,460.0,14.0,19.51,Norte,"R$ 5,183.56"
184,2024-07-02,Camisa,Roupas,631.28,8.0,10.94,Norte,"R$ 4,497.74"
185,2024-07-03,Maca,Eletronicos,588.47,8.0,16.82,Norte,"R$ 3,915.91"
186,2024-07-04,Maca,Roupas,902.15,19.0,0.0,Norte,"R$ 17,140.85"
187,2024-07-05,Smartwatch,Alimentos,54.99,7.0,26.55,Oeste,R$ 282.73
188,2024-07-06,Camisa,Livros,288.15,19.0,15.91,Leste,"R$ 4,603.80"
189,2024-07-07,Camisa,Eletronicos,950.91,6.0,13.23,Leste,"R$ 4,950.63"
190,2024-07-08,Smartwatch,Eletronicos,891.36,6.0,12.13,Sul,"R$ 4,699.43"
191,2024-07-09,Camisa,Livros,461.1,3.0,17.17,Sul,"R$ 1,145.79"
192,2024-07-10,Camisa,Eletronicos,623.93,7.0,24.12,Oeste,"R$ 3,314.07"
193,2024-07-11,Maca,Eletronicos,284.61,19.0,16.15,Leste,"R$ 4,534.26"
194,2024-07-12,Camisa,Roupas,196.24,8.0,19.85,Leste,"R$ 1,258.29"
195,2024-07-13,Camisa,Eletronicos,469.06,9.0,0.0,Norte,"R$ 4,221.54"
196,2024-07-14,Smartwatch,Alimentos,359.82,15.0,15.61,Oeste,"R$ 4,554.78"
197,2024-07-15,Smartwatch,Alimentos,587.82,15.0,12.8,Oeste,"R$ 7,688.69"
198,2024-07-16,Mamba-Negra,Livros,86.96,9.0,26.3,Norte,R$ 576.81
199,2024-07-17,Maca,Eletronicos,974.65,7.0,12.53,Oeste,"R$ 5,967.68"
200,2024-07-18,Camisa,Livros,986.35,4.0,13.86,Oeste,"R$ 3,398.57"
201,2024-07-19,Camisa,Alimentos,701.18,6.0,29.71,Sul,"R$ 2,957.16"
202,2024-07-20,Mamba-Negra,Eletronicos,540.74,1.0,0.0,Leste,R$ 540.74
203,2024-07-21,Camisa,Eletronicos,316.43,5.0,5.56,Oeste,"R$ 1,494.18"
204,2024-07-22,Maca,Livros,815.66,1.0,11.52,Sul,R$ 721.70
205,2024-07-23,Mamba-Negra,Alimentos,687.88,4.0,27.98,Leste,"R$ 1,981.64"
206,2024-07-24,Maca,Eletronicos,170.99,2.0,2.1,Norte,R$ 334.80
207,2024-07-25,Mamba-Negra,Livros,911.82,10.0,0.28,Sul,"R$ 9,092.67"
208,2024-07-26,Mamba-Negra,Alimentos,824.31,5.0,1.58,Sul,"R$ 4,056.43"
209,2024-07-27,Smartwatch,Livros,950.3,10.0,2.66,Leste,"R$ 9,250.22"
210,2024-07-28,Maca,Roupas,728.46,1.0,0.0,Norte,R$ 728.46
211,2024-07-29,Camisa,Eletronicos,617.28,6.0,14.39,Sul,"R$ 3,170.72"
212,2024-07-30,Camisa,Roupas,542.985,13.0,17.42,Oeste,"R$ 5,829.16"
213,2024-07-31,Maca,Alimentos,933.4,15.0,8.15,Oeste,"R$ 12,859.92"
214,2024-08-01,Camisa,Roupas,867.4,4.0,11.95,Oeste,"R$ 3,054.98"
215,2024-08-02,Camisa,Roupas,542.985,13.0,0.0,Norte,"R$ 7,058.81"
216,2024-08-03,Maca,Alimentos,542.985,15.0,10.09,Sul,"R$ 7,322.97"
217,2024-08-04,Mamba-Negra,Livros,382.7,9.0,15.68,Oeste,"R$ 2,904.23"
218,2024-08-05,Maca,Roupas,812.45,5.0,21.97,Norte,"R$ 3,169.77"
219,2024-08-06,Mamba-Negra,Livros,987.4,15.0,0.1,Oeste,"R$ 14,796.19"
220,2024-08-07,Camisa,Roupas,158.91,4.0,14.02,Leste,R$ 546.52
221,2024-08-08,Camisa,Livros,598.19,12.0,8.91,Sul,"R$ 6,538.70"
222,2024-08-09,Camisa,Alimentos,387.08,9.0,25.58,Sul,"R$ 2,592.58"
223,2024-08-10,Smartwatch,Roupas,970.22,2.0,21.47,Norte,"R$ 1,523.83"
224,2024-08-11,Mamba-Negra,Alimentos,542.985,19.0,17.67,Norte,"R$ 8,493.75"
225,2024-08-12,Smartwatch,Roupas,839.95,19.0,8.32,Sul,"R$ 14,631.26"
226,2024-08-13,Smartwatch,Alimentos,474.01,4.0,27.31,Oeste,"R$ 1,378.23"
227,2024-08-14,Maca,Alimentos,420.67,4.0,1.35,Oeste,"R$ 1,659.96"
228,2024-08-15,Smartwatch,Roupas,280.67,11.0,3.28,Leste,"R$ 2,986.10"
229,2024-08-16,Maca,Roupas,65.81,5.0,11.75,Oeste,R$ 290.39
230,2024-08-17,Maca,Roupas,866.08,11.0,3.73,Norte,"R$ 9,171.53"
231,2024-08-18,Smartwatch,Eletronicos,542.985,10.0,28.69,Norte,"R$ 3,872.03"
232,2024-08-19,Mamba-Negra,Livros,999.72,8.0,23.94,Oeste,"R$ 6,083.10"
233,2024-08-20,Mamba-Negra,Eletronicos,996.67,6.0,7.77,Norte,"R$ 5,515.37"
234,2024-08-21,Mamba-Negra,Eletronicos,559.88,9.0,17.66,Sul,"R$ 4,149.05"
235,2024-08-22,Mamba-Negra,Alimentos,771.3,8.0,29.47,Sul,"R$ 4,351.98"
236,2024-08-23,Mamba-Negra,Roupas,945.32,15.0,26.53,Oeste,"R$ 10,417.90"
237,2024-08-24,Smartwatch,Livros,851.15,14.0,18.02,Sul,"R$ 9,768.82"
238,2024-08-25,Smartwatch,Alimentos,254.87,11.0,27.11,Sul,"R$ 2,043.52"
239,2024-08-26,Camisa,Eletronicos,456.04,12.0,0.0,Leste,"R$ 5,472.48"
240,2024-08-27,Mamba-Negra,Roupas,137.87,13.0,22.3,Leste,"R$ 1,392.62"
241,2024-08-28,Smartwatch,Alimentos,954.51,8.0,1.95,Sul,"R$ 7,487.18"
242,2024-08-29,Camisa,Roupas,610.11,18.0,12.05,Oeste,"R$ 9,658.65"
243,2024-08-30,Mamba-Negra,Alimentos,236.36,1.0,0.0,Leste,R$ 236.36
244,2024-08-31,Maca,Roupas,674.98,15.0,6.92,Norte,"R$ 9,424.07"
245,2024-09-01,Camisa,Eletronicos,621.95,8.0,24.92,Norte,"R$ 3,735.68"
246,2024-09-02,Smartwatch,Livros,364.58,11.0,3.61,Norte,"R$ 3,865.61"
247,2024-09-03,Maca,Eletronicos,122.42,12.0,1.41,Oeste,"R$ 1,448.33"
248,2024-09-04,Maca,Livros,674.86,12.0,11.52,Sul,"R$ 7,165.39"
249,2024-09-05,Maca,Roupas,525.1,4.0,1.1,Norte,"R$ 2,077.30"
250,2024-09-06,Camisa,Alimentos,774.6,16.0,28.72,Oeste,"R$ 8,834.16"
251,2024-09-07,Smartwatch,Eletronicos,524.96,4.0,0.0,Leste,"R$ 2,099.84"
252,2024-09-08,Maca,Livros,853.66,5.0,24.02,Sul,"R$ 3,243.05"
253,2024-09-09,Mamba-Negra,Eletronicos,556.39,5.0,18.89,Leste,"R$ 2,256.44"
254,2024-09-10,Maca,Livros,565.33,8.0,6.49,Oeste,"R$ 4,229.12"
255,2024-09-11,Maca,Eletronicos,877.89,10.0,15.55,Norte,"R$ 7,413.78"
256,2024-09-12,Camisa,Livros,542.985,17.0,17.92,Norte,"R$ 7,576.60"
257,2024-09-13,Camisa,Livros,142.68,9.0,15.75,Oeste,"R$ 1,081.87"
258,2024-09-14,Smartwatch,Roupas,38.49,19.0,0.0,Norte,R$ 731.31
259,2024-09-15,Mamba-Negra,Livros,757.59,14.0,15.46,Sul,"R$ 8,966.53"
260,2024-09-16,Camisa,Roupas,624.11,8.0,14.74,Oeste,"R$ 4,256.93"
261,2024-09-17,Maca,Livros,707.04,9.0,29.89,Leste,"R$ 4,461.35"
262,2024-09-18,Smartwatch,Alimentos,220.83,11.0,26.92,Oeste,"R$ 1,775.21"
263,2024-09-19,Maca,Alimentos,145.01,1.0,13.9,Sul,R$ 124.85
264,2024-09-20,Maca,Alimentos,24.4,9.0,18.69,Sul,R$ 178.56
265,2024-09-21,Camisa,Livros,542.985,5.0,22.44,Oeste,"R$ 2,105.70"
266,2024-09-22,Smartwatch,Roupas,594.02,14.0,1.05,Oeste,"R$ 8,228.96"
267,2024-09-23,Mamba-Negra,Roupas,398.32,4.0,26.85,Norte,"R$ 1,165.48"
268,2024-09-24,Mamba-Negra,Livros,443.1,9.0,25.8,Sul,"R$ 2,959.02"
269,2024-09-25,Camisa,Alimentos,905.12,19.0,13.72,Oeste,"R$ 14,837.81"
270,2024-09-26,Camisa,Alimentos,542.985,8.0,11.74,Oeste,"R$ 3,833.91"
271,2024-09-27,Smartwatch,Roupas,518.85,15.0,8.19,Sul,"R$ 7,145.34"
272,2024-09-28,Mamba-Negra,Alimentos,785.82,15.0,14.3,Oeste,"R$ 10,101.72"
273,2024-09-29,Mamba-Negra,Eletronicos,402.58,9.0,1.33,Norte,"R$ 3,575.03"
274,2024-09-30,Mamba-Negra,Roupas,542.985,9.0,25.57,Sul,"R$ 3,637.29"
275,2024-10-01,Maca,Alimentos,542.985,10.0,1.06,Norte,"R$ 5,372.29"
276,2024-10-02,Mamba-Negra,Roupas,950.03,9.0,9.87,Norte,"R$ 7,706.36"
277,2024-10-03,Maca,Eletronicos,155.6,3.0,27.95,Norte,R$ 336.33
278,2024-10-04,Smartwatch,Roupas,927.32,11.0,22.06,Norte,"R$ 7,950.29"
279,2024-10-05,Maca,Roupas,497.2,6.0,8.44,Sul,"R$ 2,731.42"
280,2024-10-06,Smartwatch,Roupas,265.66,9.0,7.58,Norte,"R$ 2,209.71"
281,2024-10-07,Mamba-Negra,Roupas,464.54,9.0,0.15,Norte,"R$ 4,174.59"
282,2024-10-08,Mamba-Negra,Eletronicos,980.23,18.0,20.87,Oeste,"R$ 13,961.81"
283,2024-10-09,Smartwatch,Livros,497.69,2.0,1.46,Sul,R$ 980.85
284,2024-10-10,Camisa,Roupas,335.46,17.0,15.98,Sul,"R$ 4,791.51"
285,2024-10-11,Smartwatch,Roupas,542.985,9.0,28.86,Leste,"R$ 3,476.52"
286,2024-10-12,Camisa,Alimentos,542.985,12.0,3.28,Sul,"R$ 6,302.10"
287,2024-10-13,Maca,Roupas,85.1,19.0,26.83,Sul,"R$ 1,183.09"
288,2024-10-14,Maca,Alimentos,137.59,7.0,0.0,Leste,R$ 963.13
289,2024-10-15,Maca,Livros,136.77,6.0,1.85,Sul,R$ 805.44
290,2024-10-16,Mamba-Negra,Eletronicos,160.38,1.0,26.49,Sul,R$ 117.90
291,2024-10-17,Maca,Eletronicos,147.44,17.0,15.48,Sul,"R$ 2,118.48"
292,2024-10-18,Camisa,Livros,644.47,11.0,0.0,Sul,"R$ 7,089.17"
293,2024-10-19,Maca,Eletronicos,190.06,18.0,17.14,Leste,"R$ 2,834.71"
294,2024-10-20,Smartwatch,Livros,352.21,17.0,19.86,Sul,"R$ 4,798.44"
295,2024-10-21,Smartwatch,Livros,897.82,7.0,16.31,Sul,"R$ 5,259.70"
296,2024-10-22,Mamba-Negra,Livros,479.22,17.0,25.93,Leste,"R$ 6,034.29"
297,2024-10-23,Smartwatch,Eletronicos,542.985,9.0,22.02,Oeste,"R$ 3,810.78"
298,2024-10-24,Camisa,Alimentos,180.6,17.0,15.64,Norte,"R$ 2,590.02"
299,2024-10-25,Maca,Livros,200.37,9.0,26.04,Oeste,"R$ 1,333.74"
300,2024-10-26,Mamba-Negra,Roupas,50.46,17.0,7.36,Leste,R$ 794.68
